{
    "variants": {
        "age=0,leaves=none"  : [
            { "model": "block/bamboo_thin1" },
            { "model": "block/bamboo_thin2" },
            { "model": "block/bamboo_thin3" },
            { "model": "block/bamboo_thin4" }
        ],
        "age=0,leaves=small" : [
            { "model": "block/bamboo_thin1_leaves1" },
            { "model": "block/bamboo_thin2_leaves1" },
            { "model": "block/bamboo_thin3_leaves1" },
            { "model": "block/bamboo_thin4_leaves1" }
        ],
        "age=0,leaves=large" : [
            { "model": "block/bamboo_thin1_leaves2" },
            { "model": "block/bamboo_thin2_leaves2" },
            { "model": "block/bamboo_thin3_leaves2" },
            { "model": "block/bamboo_thin4_leaves2" }
        ],
        "age=1,leaves=none"  : [
            { "model": "block/bamboo_thick1" },
            { "model": "block/bamboo_thick2" },
            { "model": "block/bamboo_thick3" },
            { "model": "block/bamboo_thick4" }
        ],
        "age=1,leaves=small" : [
            { "model": "block/bamboo_thick1_leaves1" },
            { "model": "block/bamboo_thick2_leaves1" },
            { "model": "block/bamboo_thick3_leaves1" },
            { "model": "block/bamboo_thick4_leaves1" }
        ],
        "age=1,leaves=large" : [
            { "model": "block/bamboo_thick1_leaves2" },
            { "model": "block/bamboo_thick2_leaves2" },
            { "model": "block/bamboo_thick3_leaves2" },
            { "model": "block/bamboo_thick4_leaves2" }
        ]
    }
}