{
    "multipart": [
        { "when": { "facing":"east" , "half":"upper", "hinge":"left" , "open":"false"}, "apply": { "model":"block/dark_oak_door_top" } },
        { "when": { "facing":"south", "half":"upper", "hinge":"left" , "open":"false"}, "apply": { "model":"block/dark_oak_door_top", "y": 90 } },
        { "when": { "facing":"west" , "half":"upper", "hinge":"left" , "open":"false"}, "apply": { "model":"block/dark_oak_door_top", "y": 180 } },
        { "when": { "facing":"north", "half":"upper", "hinge":"left" , "open":"false"}, "apply": { "model":"block/dark_oak_door_top", "y": 270 } },
        { "when": { "facing":"east" , "half":"upper", "hinge":"right", "open":"false"}, "apply": { "model":"block/dark_oak_door_top_rh" } },
        { "when": { "facing":"south", "half":"upper", "hinge":"right", "open":"false"}, "apply": { "model":"block/dark_oak_door_top_rh", "y": 90 } },
        { "when": { "facing":"west" , "half":"upper", "hinge":"right", "open":"false"}, "apply": { "model":"block/dark_oak_door_top_rh", "y": 180 } },
        { "when": { "facing":"north", "half":"upper", "hinge":"right", "open":"false"}, "apply": { "model":"block/dark_oak_door_top_rh", "y": 270 } },
        { "when": { "facing":"east" , "half":"upper", "hinge":"left" , "open":"true" }, "apply": { "model":"block/dark_oak_door_top_rh", "y": 90 } },
        { "when": { "facing":"south", "half":"upper", "hinge":"left" , "open":"true" }, "apply": { "model":"block/dark_oak_door_top_rh", "y": 180 } },
        { "when": { "facing":"west" , "half":"upper", "hinge":"left" , "open":"true" }, "apply": { "model":"block/dark_oak_door_top_rh", "y": 270 } },
        { "when": { "facing":"north", "half":"upper", "hinge":"left" , "open":"true" }, "apply": { "model":"block/dark_oak_door_top_rh" } },
        { "when": { "facing":"east" , "half":"upper", "hinge":"right", "open":"true" }, "apply": { "model":"block/dark_oak_door_top", "y": 270 } },
        { "when": { "facing":"south", "half":"upper", "hinge":"right", "open":"true" }, "apply": { "model":"block/dark_oak_door_top" } },
        { "when": { "facing":"west" , "half":"upper", "hinge":"right", "open":"true" }, "apply": { "model":"block/dark_oak_door_top", "y": 90 } },
        { "when": { "facing":"north", "half":"upper", "hinge":"right", "open":"true" }, "apply": { "model":"block/dark_oak_door_top", "y": 180 } }
    ]
}
