{
    "multipart": [
        {   "when": { "north": "none", "east": "none", "south": "none", "west": "none"},
            "apply": { "model": "block/red_sandstone_wall_post" }
        },
        {
            "when": { "OR": [
                {"north": "low", "east": "none", "south": "none", "west": "none"},
                {"north": "tall", "east": "none", "south": "none", "west": "none"},
                {"north": "none", "east": "none", "south": "low", "west": "none"},
                {"north": "none", "east": "none", "south": "tall", "west": "none"}
            ]},
            "apply": { "model": "block/red_sandstone_wall_post_half" }
        },
        {
            "when": { "OR": [
                {"north": "none", "east": "low", "south": "none", "west": "none"},
                {"north": "none", "east": "tall", "south": "none", "west": "none"},
                {"north": "none", "east": "none", "south": "none", "west": "low"},
                {"north": "none", "east": "none", "south": "none", "west": "tall"}
            ]},
            "apply": { "model": "block/red_sandstone_wall_post_half", "y": 90, "uvlock": true }
        },
        {
            "when": { "OR": [
                {"north": "low", "south": "none"},
                {"north": "tall", "south": "none"}
            ]},
            "apply": { "model": "block/red_sandstone_wall_side", "uvlock": true }
        },
        {
            "when": { "OR": [
                {"east": "low", "west": "none"},
                {"east": "tall", "west": "none"}
            ]},
            "apply": { "model": "block/red_sandstone_wall_side", "y": 90, "uvlock": true }
        },
        {
            "when": { "OR": [
                {"south": "low", "north": "none"},
                {"south": "tall", "north": "none"}
            ]},
            "apply": { "model": "block/red_sandstone_wall_side", "y": 180, "uvlock": true }
        },
        {
            "when": { "OR": [
                {"west": "low", "east": "none"},
                {"west": "tall", "east": "none"}
            ]},
            "apply": { "model": "block/red_sandstone_wall_side", "y": 270, "uvlock": true }
        },
        {
            "when": { "OR": [
                {"north": "low", "south": "low", "up": "false"},
                {"north": "tall", "south": "low", "up": "false"},
                {"north": "low", "south": "tall", "up": "false"},
                {"north": "tall", "south": "tall", "up": "false"}
            ]},
            "apply": { "model": "block/red_sandstone_wall_side_double_flat", "uvlock": true }
        },
        {
            "when": { "OR": [
                {"east": "low", "west": "low", "up": "false"},
                {"east": "tall", "west": "low", "up": "false"},
                {"east": "low", "west": "tall", "up": "false"},
                {"east": "tall", "west": "tall", "up": "false"}
            ]},
            "apply": { "model": "block/red_sandstone_wall_side_double_flat", "y": 90, "uvlock": true }
        },
        {
            "when": { "OR": [
                {"north": "low", "south": "low", "up": "true"},
                {"north": "tall", "south": "low", "up": "true"},
                {"north": "low", "south": "tall", "up": "true"},
                {"north": "tall", "south": "tall", "up": "true"}
            ]},
            "apply": { "model": "block/red_sandstone_wall_side_double", "uvlock": true }
        },
        {
            "when": { "OR": [
                {"east": "low", "west": "low", "up": "true"},
                {"east": "tall", "west": "low", "up": "true"},
                {"east": "low", "west": "tall", "up": "true"},
                {"east": "tall", "west": "tall", "up": "true"}
            ]},
            "apply": { "model": "block/red_sandstone_wall_side_double", "y": 90, "uvlock": true }
        }
    ]
}