{
    "multipart": [
        {   "when": {"north": "none", "east": "none", "south": "none", "west": "none"},
            "apply": { "model": "block/redstone_dust_dot" }
        },
        {   "when": { "OR": [
                { "north": "side|up", "east": "none", "south": "none", "west": "none" },
                { "north": "none", "east": "none", "south": "side|up", "west": "none" },
                { "north": "side|up", "east": "none", "south": "side|up", "west": "none" }
            ]},
            "apply": { "model": "block/redstone_dust_ns" }
        },
        {   "when": { "OR": [
                { "north": "none", "east": "side|up", "south": "none", "west": "none" },
                { "north": "none", "east": "none", "south": "none", "west": "side|up" },
                { "north": "none", "east": "side|up", "south": "none", "west": "side|up" }
            ]},
            "apply": { "model": "block/redstone_dust_ew" }
        },
        {   "when": { "north": "side|up", "east": "side|up", "south": "none", "west": "none" },
            "apply": { "model": "block/redstone_dust_ne" }
        },
        {   "when": { "north": "side|up", "east": "none", "south": "none", "west": "side|up" },
            "apply": { "model": "block/redstone_dust_nw" }
        },
        {   "when": { "north": "none", "east": "side|up", "south": "side|up", "west": "none" },
            "apply": { "model": "block/redstone_dust_se" }
        },
        {   "when": { "north": "none", "east": "none", "south": "side|up", "west": "side|up" },
            "apply": { "model": "block/redstone_dust_sw" }
        },
        {   "when": { "north": "side|up", "east": "side|up", "south": "side|up", "west": "none" },
            "apply": { "model": "block/redstone_dust_nse" }
        },
        {   "when": { "north": "side|up", "east": "none", "south": "side|up", "west": "side|up" },
            "apply": { "model": "block/redstone_dust_nsw" }
        },
        {   "when": { "north": "side|up", "east": "side|up", "south": "none", "west": "side|up" },
            "apply": { "model": "block/redstone_dust_new" }
        },
        {   "when": { "north": "none", "east": "side|up", "south": "side|up", "west": "side|up" },
            "apply": { "model": "block/redstone_dust_sew" }
        },
        {   "when": { "north": "side|up", "east": "side|up", "south": "side|up", "west": "side|up" },
            "apply": { "model": "block/redstone_dust_nsew" }
        },
        {   "when": { "north": "up" },
            "apply": { "model": "block/redstone_dust_up" }
        },
        {   "when": { "east": "up" },
            "apply": { "model": "block/redstone_dust_up", "y": 90 }
        },
        {   "when": { "south": "up" },
            "apply": { "model": "block/redstone_dust_up", "y": 180 }
        },
        {   "when": { "west": "up" },
            "apply": { "model": "block/redstone_dust_up", "y": 270 }
        }
    ]
}
