{
    "variants": {
        "attached=false,east=false,north=false,south=false,west=false": { "model": "block/tripwire_ns", "uvlock": "true" },
        "attached=false,east=false,north=true,south=false,west=false": { "model": "block/tripwire_n", "uvlock": "true" },
        "attached=false,east=false,north=false,south=true,west=false": { "model": "block/tripwire_n", "y": 180, "uvlock": "true" },
        "attached=false,east=true,north=false,south=false,west=false": { "model": "block/tripwire_n", "y": 90, "uvlock": "true" },
        "attached=false,east=false,north=false,south=false,west=true": { "model": "block/tripwire_n", "y": 270, "uvlock": "true" },
        "attached=false,east=true,north=true,south=false,west=false": { "model": "block/tripwire_ne", "uvlock": "true" },
        "attached=false,east=true,north=false,south=true,west=false": { "model": "block/tripwire_ne", "y": 90, "uvlock": "true" },
        "attached=false,east=false,north=false,south=true,west=true": { "model": "block/tripwire_ne", "y": 180, "uvlock": "true" },
        "attached=false,east=false,north=true,south=false,west=true": { "model": "block/tripwire_ne", "y": 270, "uvlock": "true" },
        "attached=false,east=false,north=true,south=true,west=false": { "model": "block/tripwire_ns", "uvlock": "true" },
        "attached=false,east=true,north=false,south=false,west=true": { "model": "block/tripwire_ns", "y": 90, "uvlock": "true" },
        "attached=false,east=true,north=true,south=true,west=false": { "model": "block/tripwire_nse", "uvlock": "true" },
        "attached=false,east=true,north=false,south=true,west=true": { "model": "block/tripwire_nse", "y": 90, "uvlock": "true" },
        "attached=false,east=false,north=true,south=true,west=true": { "model": "block/tripwire_nse", "y": 180, "uvlock": "true" },
        "attached=false,east=true,north=true,south=false,west=true": { "model": "block/tripwire_nse", "y": 270, "uvlock": "true" },
        "attached=false,east=true,north=true,south=true,west=true": { "model": "block/tripwire_nsew", "uvlock": "true" },
        "attached=true,east=false,north=false,south=false,west=false": { "model": "block/tripwire_attached_ns", "uvlock": "true" },
        "attached=true,east=false,north=true,south=false,west=false": { "model": "block/tripwire_attached_n", "uvlock": "true" },
        "attached=true,east=false,north=false,south=true,west=false": { "model": "block/tripwire_attached_n", "y": 180, "uvlock": "true" },
        "attached=true,east=true,north=false,south=false,west=false": { "model": "block/tripwire_attached_n", "y": 90, "uvlock": "true" },
        "attached=true,east=false,north=false,south=false,west=true": { "model": "block/tripwire_attached_n", "y": 270, "uvlock": "true" },
        "attached=true,east=true,north=true,south=false,west=false": { "model": "block/tripwire_attached_ne", "uvlock": "true" },
        "attached=true,east=true,north=false,south=true,west=false": { "model": "block/tripwire_attached_ne", "y": 90, "uvlock": "true" },
        "attached=true,east=false,north=false,south=true,west=true": { "model": "block/tripwire_attached_ne", "y": 180, "uvlock": "true" },
        "attached=true,east=false,north=true,south=false,west=true": { "model": "block/tripwire_attached_ne", "y": 270, "uvlock": "true" },
        "attached=true,east=false,north=true,south=true,west=false": { "model": "block/tripwire_attached_ns", "uvlock": "true" },
        "attached=true,east=true,north=false,south=false,west=true": { "model": "block/tripwire_attached_ns", "y": 90, "uvlock": "true" },
        "attached=true,east=true,north=true,south=true,west=false": { "model": "block/tripwire_attached_nse", "uvlock": "true" },
        "attached=true,east=true,north=false,south=true,west=true": { "model": "block/tripwire_attached_nse", "y": 90, "uvlock": "true" },
        "attached=true,east=false,north=true,south=true,west=true": { "model": "block/tripwire_attached_nse", "y": 180, "uvlock": "true" },
        "attached=true,east=true,north=true,south=false,west=true": { "model": "block/tripwire_attached_nse", "y": 270, "uvlock": "true" },
        "attached=true,east=true,north=true,south=true,west=true": { "model": "block/tripwire_attached_nsew", "uvlock": "true" }
    }
}
