{"providers": [{"type": "bitmap","file": "minecraft:font/ender_dragon.png","ascent": 13, "height": 52,"chars": ["\uE101"]},
{"type": "bitmap","file": "minecraft:font/wither.png","ascent": 13, "height": 52,"chars": ["\uE102"]},
{"type": "bitmap","file": "minecraft:font/raid.png","ascent": 13, "height": 52,"chars": ["\uE103"]},
{"type": "bitmap","file": "minecraft:font/hydra.png","ascent": 13, "height": 52,"chars": ["\uE104"]},
{"type": "bitmap","file": "minecraft:font/naga.png","ascent": 13, "height": 52,"chars":["\uE105"] },
{"type": "bitmap","file": "minecraft:font/lich.png","ascent": 13, "height": 52,"chars": ["\uE106"]},
{"type": "bitmap","file": "minecraft:font/yeti.png","ascent": 13, "height": 52,"chars": ["\uE107"]},
{"type": "bitmap","file": "minecraft:font/snow_queen.png","ascent": 13, "height": 52,"chars": ["\uE108"]},
{"type": "bitmap","file": "minecraft:font/ur_ghast.png","ascent": 13, "height": 52,"chars": ["\uE109"]},
{"type": "bitmap","file": "minecraft:font/hirschgeist.png","ascent": 13, "height": 52,"chars": ["\uE110"]},
{ "type": "bitmap","file": "minecraft:font/void_worm.png","ascent": 13,"height": 52,"chars": ["\uE111"]},
{"type": "bitmap","file": "minecraft:font/king.png","ascent": 13, "height": 52,"chars": ["\uE112"]},
{"type":"bitmap","file": "minecraft:font/nether_keeper.png","ascent": 13, "height": 52,"chars": ["\uE113"]},
{"type": "bitmap","file": "minecraft:font/awful_ghast.png","ascent": 13, "height": 52,"chars": ["\uE114"]},
{"type": "bitmap","file": "minecraft:font/shelterer.png","ascent": 13, "height": 52,"chars": ["\uE115"]},
{"type": "bitmap","file": "minecraft:font/frostmaw.png","ascent": 13, "height": 52,"chars": ["\uE116"]},
{"type": "bitmap","file":"minecraft:font/wrought.png","ascent": 13, "height": 52,"chars": ["\uE117"]},
{"type": "bitmap","file":"minecraft:font/barako.png","ascent": 13, "height": 52,"chars": ["\uE118"]},
{"type": "bitmap","file":"minecraft:font/swampjaw.png","ascent": 13, "height": 52,"chars": ["\uE119"]},
{"type": "bitmap","file":"minecraft:font/bellringer.png","ascent": 13, "height": 52,"chars": ["\uE120"]},
{"type": "bitmap","file":"minecraft:font/dame_fortuna.png","ascent": 13, "height": 52,"chars": ["\uE121"]},
{"type": "bitmap","file":"minecraft:font/rosalyne.png","ascent": 13, "height": 52,"chars": ["\uE122"]},
{"type": "bitmap","file":"minecraft:font/wither_storm.png","ascent": 13, "height": 52,"chars": ["\uE123"]},
{"type": "bitmap","file":"minecraft:font/withered_symbiont.png","ascent": 13, "height": 52,"chars": ["\uE124"]},
{"type": "bitmap","file":"minecraft:font/lich_dark.png","ascent": 13, "height": 52,"chars": ["\uE125"]},
{"type": "bitmap","file":"minecraft:font/baykok.png","ascent": 13, "height": 52,"chars": ["\uE126"]
        }
    ]
}
