{   "parent": "block/block",
    "textures": {
        "particle": "block/anvil",
        "body": "block/anvil",
        "top": "block/anvil_top"
    },
    "display": {
        "fixed": {
            "rotation": [ 0, 90, 0 ],
            "translation": [ 0, 0, 0 ],
            "scale": [ 0.5, 0.5, 0.5 ]
        }
    },
    "elements": [
        {   "__comment": "Anvil base",
            "from": [ 8, 0, 2 ],
            "to": [ 8, 4, 14 ],
            "faces": {
                "west":  { "uv": [ 0,  2,  4, 14 ], "texture": "#body", "rotation":  90 },
                "east":  { "uv": [ 4,  2,  0, 14 ], "texture": "#body", "rotation": 270 }
            }
        },
        {   "__comment": "Wider section beneath top portion",
            "from": [ 8, 4, 4 ],
            "to": [ 8, 10, 12 ],
            "faces": {
                "west":  { "uv": [  4,  4, 10, 12 ], "texture": "#body", "rotation":  90 },
                "east":  { "uv": [ 10,  4,  4, 12 ], "texture": "#body", "rotation": 270 }
            }
        },
        {   "__comment": "Anvil top",
            "from": [ 3, 15.9, 0 ],
            "to": [ 13, 16, 16 ],
            "faces": {
                "down":  { "uv": [  3, 0, 13, 16 ], "texture": "#body", "rotation": 180 },
                "up":    { "uv": [  3, 0, 13, 16 ], "texture": "#top",  "rotation": 180, "cullface": "up" }
            }
        },
        {   "__comment": "Anvil top part 2",
            "from": [ 8, 10, 0 ],
            "to": [ 8, 16, 16 ],
            "faces": {
                "west":  { "uv": [ 10, 0, 16, 16 ], "texture": "#body", "rotation":  90 },
                "east":  { "uv": [ 16, 0, 10, 16 ], "texture": "#body", "rotation": 270 }
            }
        }
    ]
}
