{   "parent": "block/block",
    "ambientocclusion": false,
    "textures": {
        "particle": "block/glass",
        "glass": "block/glass",
        "side": "ultrafps/beacon_side",
        "bottom": "ultrafps/beacon_bottom"
    },
    "elements": [
        {   "__comment": "Glass shell",
            "from": [ 0, 0, 0 ],
            "to": [ 16, 16, 16 ],
            "faces": {
                "down":  { "uv": [ 0, 0, 16, 16 ], "texture": "#bottom", "cullface": "down" },
                "up":    { "uv": [ 0, 0, 16, 16 ], "texture": "#glass", "cullface": "up" },
                "north": { "uv": [ 0, 0, 16, 16 ], "texture": "#glass", "cullface": "north" },
                "south": { "uv": [ 0, 0, 16, 16 ], "texture": "#glass", "cullface": "south" },
                "west":  { "uv": [ 0, 0, 16, 16 ], "texture": "#glass", "cullface": "west" },
                "east":  { "uv": [ 0, 0, 16, 16 ], "texture": "#glass", "cullface": "east" }
            }
        },
        {   "__comment": "Inner beacon texture",
            "from": [ 3, 0, 3 ],
            "to": [ 13, 14, 13 ],
            "faces": {
                "up":    { "uv": [ 3, 3, 13, 13 ], "texture": "#side" },
                "north": { "uv": [ 3, 2, 13, 16 ], "texture": "#side" },
                "south": { "uv": [ 3, 2, 13, 16 ], "texture": "#side" },
                "west":  { "uv": [ 3, 2, 13, 16 ], "texture": "#side" },
                "east":  { "uv": [ 3, 2, 13, 16 ], "texture": "#side" }
            }
        }
    ]
}
