{
    "parent": "block/block",
    "display": {
        "head": {
            "rotation": [ 0, 0, 0 ],
            "translation": [ 0, 10.5, 0 ],
            "scale":[ 1, 1, 1 ]
        }
    },
    "textures": {
        "particle": "ultrafps/campfire_top",
        "top": "ultrafps/campfire_top",
        "bottom": "ultrafps/campfire_bottom",
        "lit": "ultrafps/campfire_lit",
        "ns": "ultrafps/campfire_ns",
        "ew": "ultrafps/campfire_ew",
        "fire": "block/campfire_fire"
    },
    "elements": [
        {
            "from": [ 1, 0, 1 ],
            "to": [ 15, 7, 15 ],
            "faces": {
                "north": {"uv": [ 1, 9, 15, 16 ], "texture": "#ns" },
                "south": {"uv": [ 1, 9, 15, 16 ], "texture": "#ns" },
                "east":  {"uv": [ 1, 9, 15, 16 ], "texture": "#ew" },
                "west":  {"uv": [ 1, 9, 15, 16 ], "texture": "#ew" },
                "up":    {"uv": [ 1, 1, 15, 15 ], "texture": "#top" }
            }
        },
        {
            "from": [ 1, 0, 1 ],
            "to": [ 15, 4, 15 ],
            "faces": {
                "up":   {"uv": [ 1, 1, 15, 15 ], "texture": "#lit" },
                "down": {"uv": [ 1, 1, 15, 15 ], "texture": "#bottom", "cullface": "down" }
            }
        },
        {   "from": [ 0.8, 1, 8 ],
            "to": [ 15.2, 17, 8 ],
            "rotation": { "origin": [ 8, 8, 8 ], "axis": "y", "angle": 45, "rescale": true },
            "shade": false,
            "faces": {
                "north": { "uv": [ 0, 0, 16, 16 ], "texture": "#fire" },
                "south": { "uv": [ 0, 0, 16, 16 ], "texture": "#fire" }
            }
        },
        {   "from": [ 8, 1, 0.8 ],
            "to": [ 8, 17, 15.2 ],
            "rotation": { "origin": [ 8, 8, 8 ], "axis": "y", "angle": 45, "rescale": true },
            "shade": false,
            "faces": {
                "west": { "uv": [ 0, 0, 16, 16 ], "texture": "#fire" },
                "east": { "uv": [ 0, 0, 16, 16 ], "texture": "#fire" }
            }
        }
    ]
}
