{
    "parent": "block/block",
    "display": {
        "head": {
            "rotation": [ 0, 0, 0 ],
            "translation": [ 0, 10.5, 0 ],
            "scale":[ 1, 1, 1 ]
        }
    },
    "textures": {
        "particle": "ultrafps/campfire_top",
        "top": "ultrafps/campfire_top",
        "bottom": "ultrafps/campfire_bottom",
        "ns": "ultrafps/campfire_ns",
        "ew": "ultrafps/campfire_ew"
    },
    "elements": [
        {
            "from": [ 1, 0, 1 ],
            "to": [ 15, 7, 15 ],
            "faces": {
                "north": {"uv": [ 1, 9, 15, 16 ], "texture": "#ns" },
                "south": {"uv": [ 1, 9, 15, 16 ], "texture": "#ns" },
                "east":  {"uv": [ 1, 9, 15, 16 ], "texture": "#ew" },
                "west":  {"uv": [ 1, 9, 15, 16 ], "texture": "#ew" },
                "up":    {"uv": [ 1, 1, 15, 15 ], "texture": "#top" }
            }
        },
        {
            "from": [ 1, 0, 1 ],
            "to": [ 15, 4, 15 ],
            "faces": {
                "up":   {"uv": [ 1, 1, 15, 15 ], "texture": "#bottom" },
                "down": {"uv": [ 1, 1, 15, 15 ], "texture": "#bottom", "cullface": "down" }
            }
        }
    ]
}
