{
    "ambientocclusion": false,
    "textures": {
        "particle": "block/cauldron_side",
        "bottom": "block/cauldron_bottom",
        "side": "block/cauldron_side",
        "inside": "block/cauldron_inner"
    },
    "elements": [
        {   "from": [ 0, 3, 0 ],
            "to": [ 16, 16, 16 ],
            "faces": {
                "down":  { "uv": [ 0, 0, 16, 16 ], "texture": "#inside" },
                "up":    { "uv": [ 0, 0, 16, 16 ], "texture": "#top", "cullface": "up" },
                "north": { "uv": [ 0, 0, 16, 13 ], "texture": "#side", "cullface": "north" },
                "south": { "uv": [ 0, 0, 16, 13 ], "texture": "#side", "cullface": "south" },
                "east":  { "uv": [ 0, 0, 16, 13 ], "texture": "#side", "cullface": "east" },
                "west":  { "uv": [ 0, 0, 16, 13 ], "texture": "#side", "cullface": "west" }
            },
            "__comment": "Outer"
        },
        {   "from": [ 0, 0, 0 ],
            "to": [ 4, 3, 4 ],
            "faces": {
                "north": { "uv": [ 12, 13, 16, 16 ], "texture": "#side", "cullface": "north" },
                "west":  { "uv": [ 0, 13, 4, 16 ], "texture": "#side", "cullface": "west" }
            },
            "__comment": "Northwest corner"
        },
        {   "from": [ 0, 0, 12 ],
            "to": [ 4, 3, 16 ],
            "faces": {
                "south": { "uv": [ 0, 13, 4, 16 ], "texture": "#side", "cullface": "south" },
                "west":  { "uv": [ 12, 13, 16, 16 ], "texture": "#side", "cullface": "west" }
            },
            "__comment": "Southwest corner"
        },
        {   "from": [ 12, 0, 0 ],
            "to": [ 16, 3, 4 ],
            "faces": {
                "north": { "uv": [ 0, 13, 4, 16 ], "texture": "#side", "cullface": "north" },
                "east":  { "uv": [ 12, 13, 16, 16 ], "texture": "#side", "cullface": "east" }
            },
            "__comment": "Northeast corner"
        },
        {   "from": [ 12, 0, 12 ],
            "to": [ 16, 3, 16 ],
            "faces": {
                "south": { "uv": [ 12, 13, 16, 16 ], "texture": "#side", "cullface": "south" },
                "east":  { "uv": [ 0, 13, 4, 16 ], "texture": "#side", "cullface": "east" }
            },
            "__comment": "Southeast corner"
        }
    ]
}
