{
    "parent": "block/block",
    "textures": {
        "particle": "block/composter_side",
        "bottom": "block/composter_bottom",
        "side": "block/composter_side"
    },
    "elements": [
        {   "from": [ 0, 0, 0 ],
            "to": [ 16, 16, 16 ],
            "faces": {
                "north": { "texture": "#side", "cullface": "north" },
                "south": { "texture": "#side", "cullface": "south" },
                "west":  { "texture": "#side", "cullface": "west" },
                "east":  { "texture": "#side", "cullface": "east" },
                "up":    { "texture": "#top", "cullface": "up" },
                "down":  { "texture": "#bottom", "cullface": "down" }
            }
        }
    ]
}
