{
    "ambientocclusion": false,
    "textures": {
        "particle": "#top",
        "slab": "block/smooth_stone"
    },
    "elements": [
        {   "from": [ 0, 2, 0 ],
            "to": [ 16, 2, 16 ],
            "faces": {
                "down":  { "uv": [ 0,  0, 16, 16 ], "texture": "#slab" },
                "up":    { "uv": [ 0,  0, 16, 16 ], "texture": "#top" }
            }
        },
        {   "from": [ 0, 0, 0 ],
            "to": [ 16, 0, 16 ],
            "faces": {
                "down":  { "uv": [ 0,  0, 16, 16 ], "texture": "#slab", "cullface": "down" },
                "up":    { "uv": [ 0,  0, 16, 16 ], "texture": "#slab" }
            }
        }
    ]
}