{
    "parent": "block/block",
    "textures": {
        "particle": "ultrafps/sea_pickle_side",
        "side": "ultrafps/sea_pickle_side",
        "top": "ultrafps/sea_pickle_top"
    },
    "elements": [
        {   "from": [ 6, 0, 6 ],
            "to": [ 10, 6, 10 ],
            "faces": {
                "down":  { "uv": [ 0,  8, 4,  12 ], "texture": "#top", "cullface": "down" },
                "up":    { "uv": [ 0,  0, 4,  4 ], "texture": "#top"},
                "north": { "uv": [ 4,  5, 8,  11 ], "texture": "#side" },
                "south": { "uv": [ 0,  5, 4,  11 ], "texture": "#side" },
                "west":  { "uv": [ 8,  5, 12, 11 ], "texture": "#side" },
                "east":  { "uv": [ 12, 5, 16, 11 ], "texture": "#side" }
            }
        }
    ]
}
