{
    "ambientocclusion": false,
    "textures": {
        "particle": "ultrafps/tallplant_fern",
        "cross": "ultrafps/tallplant_fern"
    },
    "elements": [
        {   "from": [ 0.8, 0, 8 ],
            "to": [ 15.2, 32, 8 ],
            "rotation": { "origin": [ 8, 8, 8 ], "axis": "y", "angle": 45, "rescale": true },
            "shade": false,
            "faces": {
                "north": { "uv": [ 4, 0, 12, 16 ], "texture": "#cross", "tintindex": 0 },
                "south": { "uv": [ 4, 0, 12, 16 ], "texture": "#cross", "tintindex": 0 }
            }
        },
        {   "from": [ 8, 0, 0.8 ],
            "to": [ 8, 32, 15.2 ],
            "rotation": { "origin": [ 8, 8, 8 ], "axis": "y", "angle": 45, "rescale": true },
            "shade": false,
            "faces": {
                "west": { "uv": [ 4, 0, 12, 16 ], "texture": "#cross", "tintindex": 0 },
                "east": { "uv": [ 4, 0, 12, 16 ], "texture": "#cross", "tintindex": 0 }
            }
        }
    ]
}
