{
    "ambientocclusion": false,
    "textures": {
        "end_rod": "ultrafps/end_rod",
        "particle": "ultrafps/end_rod"
    },
    "elements": [
        {   "from": [ 8, 0, 0 ],
            "to": [ 8, 16, 16 ],
            "rotation": { "origin": [ 8, 8, 8 ], "axis": "y", "angle": -45, "rescale": true },
            "faces": {
                "west": { "uv": [ 0, 0, 16, 16 ], "texture": "#end_rod" },
                "east": { "uv": [ 0, 0, 16, 16 ], "texture": "#end_rod" }
            }
        },
        {   "from": [ 0, 0, 8 ],
            "to": [ 16, 16, 8 ],
            "rotation": { "origin": [ 8, 8, 8 ], "axis": "y", "angle": -45, "rescale": true },
            "faces": {
                "north": { "uv": [ 0, 0, 16, 16 ], "texture": "#end_rod" },
                "south": { "uv": [ 0, 0, 16, 16 ], "texture": "#end_rod" }
            }
        }
    ]
}
