{   
    "parent": "block/block",
    "display": {
        "gui": {
            "rotation": [ 30, 135, 0 ],
            "translation": [ 0, 0, 0 ],
            "scale":[ 0.625, 0.625, 0.625 ]
        },
        "fixed": {
            "rotation": [ 0, 90, 0 ],
            "translation": [ 0, 0, 0 ],
            "scale":[ 0.5, 0.5, 0.5 ]
        }
    },
    "ambientocclusion": false,
    "textures": {
        "particle": "#texture"
    },
    "elements": [
        {   "from": [ 8, 6, 2 ],
            "to": [ 8, 15, 8 ],
            "faces": {
                "west":  { "uv": [ 10, 1, 16, 10 ], "texture": "#texture" },
                "east":  { "uv": [ 0, 1, 6, 10 ], "texture": "#texture" }
            }
        },
        {   "from": [ 8, 6, 8 ],
            "to": [ 8, 15, 14 ],
            "faces": {
                "west":  { "uv": [ 0, 1, 6, 10 ], "texture": "#texture" },
                "east":  { "uv": [ 10, 1, 16, 10 ], "texture": "#texture" }
            }
        },
        {   "from": [ 6, 0, 0 ],
            "to": [ 10, 16, 0 ],
            "faces": {
                "north":  { "uv": [ 6, 0, 10, 16 ], "texture": "#texture" },
                "south":  { "uv": [ 6, 0, 10, 16 ], "texture": "#texture" }
            }
        },
        {   "from": [ 6, 0, 16 ],
            "to": [ 10, 16, 16 ],
            "faces": {
                "north":  { "uv": [ 6, 0, 10, 16 ], "texture": "#texture" },
                "south":  { "uv": [ 6, 0, 10, 16 ], "texture": "#texture" }
            }
        },
        {   "from": [ 8, 0, -2 ],
            "to": [ 8, 16, 2 ],
            "faces": {
                "west":  { "uv": [ 6, 0, 10, 16 ], "texture": "#texture" },
                "east":  { "uv": [ 6, 0, 10, 16 ], "texture": "#texture" }
            }
        },
        {   "from": [ 8, 0, 14 ],
            "to": [ 8, 16, 18 ],
            "faces": {
                "west":  { "uv": [ 6, 0, 10, 16 ], "texture": "#texture" },
                "east":  { "uv": [ 6, 0, 10, 16 ], "texture": "#texture" }
            }
        }
    ]
}
