{
    "parent": "block/block",
    "textures": {
        "particle": "ultrafps/sea_pickle_side",
        "side": "ultrafps/sea_pickle_side",
        "top": "ultrafps/sea_pickle_top"
    },
    "elements": [
        {   "from": [ 4, 0, 4 ],
            "to": [ 12, 7, 12 ],
            "faces": {
                "down":  { "uv": [ 0,  8, 8,  16 ], "texture": "#top", "cullface": "down" },
                "up":    { "uv": [ 8,  0, 16,  8 ], "texture": "#top"},
                "north": { "uv": [ 0, 5, 8, 12 ], "texture": "#side" },
                "south": { "uv": [ 0, 5, 8, 12 ], "texture": "#side" },
                "west":  { "uv": [ 8, 5, 16, 12 ], "texture": "#side" },
                "east":  { "uv": [ 8, 5, 16, 12 ], "texture": "#side" }
            }
        }
    ]
}
