{
    "parent": "block/block",
    "textures": {
        "particle": "ultrafps/turtle_egg1",
        "one": "ultrafps/turtle_egg1",
        "two": "ultrafps/turtle_egg2",
        "three": "ultrafps/turtle_egg3",
        "four": "ultrafps/turtle_egg4"
    },
    "elements": [
        {   "from": [ 5, 0, 3 ],
            "to": [ 5, 7, 13 ],
            "rotation": { "origin": [ 8, 8, 8 ], "axis": "y", "angle": -45, "rescale": false },
            "faces": {
                "west":  { "uv": [ 3, 9, 13, 16 ], "texture": "#one" },
                "east":  { "uv": [ 13, 1, 3, 8 ], "texture": "#one" }
            }
        },
        {   "from": [ 3, 0, 5 ],
            "to": [ 13, 7, 5 ],
            "rotation": { "origin": [ 8, 8, 8 ], "axis": "y", "angle": -45, "rescale": false },
            "faces": {
                "north": { "uv": [ 13, 1, 3, 8 ], "texture": "#two" },
                "south": { "uv": [ 3, 9, 13, 16 ], "texture": "#two" }
            }
        },
        {   "from": [ 3, 0, 11 ],
            "to": [ 13, 7, 11 ],
            "rotation": { "origin": [ 8, 8, 8 ], "axis": "y", "angle": -45, "rescale": false },
            "faces": {
                "north": { "uv": [ 3, 9, 13, 16 ], "texture": "#three" },
                "south": { "uv": [ 13, 1, 3, 8 ], "texture": "#three" }
            }
        },
        {   "from": [ 11, 0, 3 ],
            "to": [ 11, 7, 13 ],
            "rotation": { "origin": [ 8, 8, 8 ], "axis": "y", "angle": -45, "rescale": false },
            "faces": {
                "west":  { "uv": [ 13, 1, 3, 8 ], "texture": "#four" },
                "east":  { "uv": [ 3, 9, 13, 16 ], "texture": "#four" }
            }
        }
    ]
}
